id,problem,solution
1,"The construction industry is indubitably one of the significant contributors to global waste, contributing approximately 1.3 billion tons of waste annually, exerting significant pressure on our landfills and natural resources. Traditional construction methods entail single-use designs that require frequent demolitions, leading to resource depletion and wastage.   ","Herein, we propose an innovative approach to mitigate this problem: Modular Construction. This method embraces recycling and reuse, taking a significant stride towards a circular economy.   Modular construction involves utilizing engineered components in a manufacturing facility that are later assembled on-site. These components are designed for easy disassembling, enabling them to be reused in diverse projects, thus significantly reducing waste and conserving resources.  Not only does this method decrease construction waste by up to 90%, but it also decreases construction time by 30-50%, optimizing both environmental and financial efficiency. This reduction in time corresponds to substantial financial savings for businesses. Moreover, the modular approach allows greater flexibility, adapting to changing needs over time.  We believe, by adopting modular construction, the industry can transit from a 'take, make and dispose' model to a more sustainable 'reduce, reuse, and recycle' model, driving the industry towards a more circular and sustainable future. The feasibility of this concept is already being proven in markets around the globe, indicating its potential for scalability and real-world application."
2,"The massive shift in student learning towards digital platforms has resulted in an increased carbon footprint due to energy consumption from data centers and e-waste from obsolete devices. Simultaneously, physical books are often produced, used once, and then discarded, leading to waste and deforestation.  ","Implement a """"Book Swap"""" program within educational institutions and local communities. This platform allows students to trade books they no longer need with others who require them, reducing the need for new book production and hence, lowering the rate of resource depletion. Furthermore, the platform could have a digital component to track book exchanges, giving users credits for each trade, which they can accrue and redeem. This system encourages and amplifies the benefits of reusing and sharing resources, thus contributing to the circular economy.   By integrating gamification, getting students and parents involved and providing an easy-to-use platform, the program could influence a cultural shift towards greater resource value appreciation and waste reduction. In terms of the financial aspect, less reliance on purchasing new books could save money for students, parents and schools."
3,"One major global issue we face today is the surplus of plastic waste. Single-use plastics are commonly used for packaging in various sectors, like retail, food, and manufacturing. These plastics, often non-recyclable or ignored during waste management, clog up our oceans, harm wildlife, and end up in landfills, where they take hundreds of years to degrade. Furthermore, producing these plastics requires a significant amount of energy and resources and contributes to environmental degradation.  ","My solution is an innovative Reloop - System, which involves a comprehensive 'Packaging as a Service' model for businesses across sectors.   In the first step, productions and businesses would eliminate their need for newly produced plastic packaging whenever possible, by collaborating with a 'Packaging as a Service' provider. Each business would regularly receive high-quality, standardized, reusable containers from the service. They fill these containers with their products, and after distribution, the used containers are rounded up from retail stores or directly from consumers.  The second step involves the cleaning and sanitation process. Gathered containers are mechanically cleaned and sterilized, making them ready for reuse. As these containers are durable and designed for multiple uses, this process significantly reduces the demand for single-use plastics.  Lastly, the circular nature of this model ensures massively reduced plastic waste production and encompasses a viable financial model. Businesses save money by reducing expenditure on plastic packaging production or procurement. The service creates new job opportunities in the collection, cleaning, and redistribution of containers, contributing to the economy. While this idea may face implementation challenges due to existing infrastructures and systems, its long-term benefits and scalability make it a feasible solution to the current plastic waste problem."
4,"The fashion industry is one of the top contributors to global pollution. The mass production, distribution and disposal of clothing is not sustainable long-term, leading to the release of greenhouse gases from manufacturing, shipping and wasted clothing in landfills.   ","The proposed solution is a garment rental service. Such a service should work closely with major clothing brands. When buying items, customers should have the option to buy or rent. This model would be like a subscription service where customers can select a set number of items each month, wear them, then return them for other items. Clothing would be professionally cleaned between customers and repaired as necessary to maximize its life cycle. When a garment is no longer suitable for rental, it can be recycled into new clothes. This solution reduces the number of garments produced, the amount of transportation needed, and the quantity of clothes going to landfills. Completely damaged or unusable textiles can be reused or recycled into new products. It also gives financial value to businesses as it transforms fashion from a single-purchase model into a subscription service, creating a continuous income stream. Its feasibility and scalability depend on factors such as location, culture, and income level. However, as digital platforms become more common for commerce, this concept could be globally implemented."
5,"The majority of the materials used in producing electronic goods are not being utilized optimally. Numerous electronic devices are replaced before their lifespan ends, often due to minor malfunctioning or outdated components, resulting in significant production of electronic waste and underutilization of natural resources.  ","An innovative concept would be a modular electronic device model where users are able to upgrade or swap components, rather than replacing the entire device, thus promoting a circular economy. This goes beyond just restoration but rather the idea of creating an electronic gadget that thrives on reuse and modifications, maximising the life and value of each part.   Manufacturers need to design gadgets with modules for core components, allowing for easy upgrades or replacements. For instance, a smartphone could have individually upgradeable components: camera, battery, CPU, etc. When a module fails or becomes outdated, only that module needs to be replaced.  This idea promotes resource use efficiency and significantly cuts waste, under the 'reduce, reuse, repair' mantra. The replaced modules should be sent back to manufacturers for refurbishment or extraction of critical raw materials.   For businesses it opens a new market space, enabled by sale of modules and recycled components, providing long term value capture. It also increases customer loyalty as they continually engage with the manufacturers in the lifecycle of their device. The model is scalable as it allows for the continuous incorporation of technological advancements within the same core device.   This modular approach is not only novel but it clearly addresses the broader picture of how electronic devices should be designed for a circular economy, considering environmental protection, resource efficiency, economic viability, and customer value."
6,Businesses worldwide expend substantial financial resources on paper-based transaction evidence like printed receipts. This not only adds to operational costs but also contributes to environmental degradation due to paper wastage and lack of recycling.,"The proposed solution involves developing a secure mobile app that digitizes the process of storing transactional evidence. In lieu of printed receipts, the app records and stores all customer purchase data. A 'tap-and-go' feature would facilitate smooth transactions.   Environmental Impact: This reduces paper consumption significantly, thereby promoting resource conservation and lowering the waste generated every year due to discarded receipts.  Financial Impact: Businesses stand to make substantial savings on paper, printing, and storage costs over time. Given the trend of digital technology adoption, offering digital receipts can also enhance customer experience leading to potential increased patronage.  Feasibility and Scalability: With the rise of digital technology acceptance, implementation of this solution is feasible. Businesses of all sizes, from local shops to multinational chains, can adopt this system, thus indicating high scalability. Increasing smartphone penetration offers an existing infrastructure that can host this solution, reducing the barriers to entry and adoption.   The focus will remain on the environmental and financial benefits of this proposed solution, although additional """"quality of life"""" features may be developed over time to increase user engagement and usage."
7,more than 130 Billon plastic bottles waste annualy in Egypt,Bariq factory to recyle plastic bottels
8,Sustainable Future,"At present there are many people who travel for a long time, emigrate, move for work reasons, etc. and they go from country to country, leaving behind all their household appliances and essential things, that when they arrive in the new country they have to buy everything from scratch. My solution is to create a company that is dedicated worldwide to receiving electrical appliances, such as stoves, washing machines, refrigerators, blenders, microwaves, computers, among others that are very essential for daily use left by these people who travel, emigrate, or move. , giving them a receipt so that in their new life destination they go to the branch of the same chain, deliver the receipt and can purchase their appliances of similar brands and the same quality that other travelers have left, who move, or simply no longer They are going to occupy, at super low prices, in this way they can relocate to other countries with the security that these appliances will be delivered all in one place and within a few days of arriving in their new country. With this solution, the purchase of new devices is reduced, scams from false sellers on the Internet are avoided, costs due to the insertion of not knowing where to buy in the new country, costs of buying everything in different places, and it is possible to centralize all of them in one place. those household appliances that people who travel, move or emigrate leave behind and that can be reused."
9,"Single-use plastics are causing significant harm to our environment, accounting for about 40% of the annual plastic production. These are used for just a few moments but last in the environment for hundreds to thousands of years. They end up in our oceans, harming marine life and ecosystems, and leach harmful substances into soil and water when improperly discarded.   ","I propose an upgrade to the rental/lease model specially for household items and retail segment - a service I'd like to call 'Rent Instead'. This addresses the disposable culture we've developed where items are bought, used briefly and then discarded. 'Rent Instead' would allow customers to lease everyday items, from cleaning products packaged in reusable containers, to furniture, to electronics, and even clothing.   Once the life cycle of these products come to an end (or no longer required by the user), they are returned to 'Rent Instead' where they can be repaired, refurbished, and rented out again or responsibly recycled in the case of items like cleaning products, ensuring the longevity of the products and minimizing waste. This will encourage businesses to design more durable and recyclable products to reduce costs.  Operating in this way drastically reduces plastic waste and encourages resource efficiency. It also educates the population on conscious and sustainable consumption, promoting a circular economy society.  From a business perspective, it will open up a new market segment, driving up revenue and customer loyalty for companies who are providing high quality and durable products for renting. It also provides a good corporate social responsibility image for the companies involved, attracting customer and investor interest.  While the initial setup costs might be high due to infrastructure development, in the long run, savings made from reduced material costs can balance these costs out and make it a viable and profitable business model. This model could potentially be rolled out on a national or even international scale with the right planning and partnerships."
11,"No problem, cuz recycling itself makes another business model.","Product�as�a�service, Renewability, Sharing platforms, Product-life extension, Resource efficiency, and recycling "
13,"The fashion industry generates a significant amount of waste every year, as seasonal trends lead to a high turnover of clothes. The discarded clothes often end up in landfills, leading to environmental pollution.   ","An initiative called """"Circular Threads"""" proposes an app-based solution to encourage and facilitate clothing swaps among consumers. The platform would match users with similar tastes and sizes, enabling a constant rotation of fashion items without the need to manufacture new ones. In addition to the positive impact on the environment by reducing waste and overproduction, it would create a new social experience enabling users to diversify their wardrobe at no additional cost. For businesses, it could open opportunities for partnerships and advertising, driven by the data collection on users' preferences, styles, and swapping patterns, which allows for personalized marketing. The app would be scalable, able to fit as many users as there are people owning clothes and wanting to swap them. It is a feasible solution that aligns with the growing trend towards conscious consumption and sustainability in the fashion industry."
14,"Massive quantities of fabric waste is produced by clothing companies due to the rise of fast fashion, posing a major threat to our planet. Additionally, the business operations of clothing companies is linear, from procurement of raw materials to the disposal of the end product, leading to high environmental costs.  ","A circular economy approach that introduces a innovative fabric waste management system. This approach consists of a centralized collection system for fabric waste from clothing companies and households, and the use of technology to recycle collected fabric waste into raw materials.   This not only leverages advancements in recycling technology, adding a novelty factor, but also ensures that no clothes or fabric wastes end up in landfills, drastically boosting the environmental impact of the approach. The recovered fabric is sold back to clothing companies, aiding them to reduce their dependency on virgin raw materials, thus offering significant financial value.   Moreover, the recycling process consumes minimum energy and water, reducing emissions associated with traditional clothing production.   Given the widespread availability of recycling technology and the high scalability of the approach, it could be feasibly implemented in any region or country. Its scalability is further facilitated by the fact that it targets both companies and consumers, creating a comprehensive, city-wide solution for fabric waste management."
15,"The clothing industry is notorious for generating large amounts of waste and contributing significantly to water and air pollution. Rapid consumption rates lead to excessive production, waste and ecological impact.   ","The proposal seeks to overhaul the current apparel industry's model by integrating an 'Apparel Lifecycle Management System'. This system uses RFID (Radio Frequency Identification) and blockchain technologies to track, manage and enhance the lifecycle and usage of each garment produced.   The system starts from the production stage, where garments are produced sustainably with high-quality, durable materials that can withstand multiple uses. Upon production, each garment is fitted with an RFID chip that provides unique identification and tracks usage data.   Apparel companies can then sell or lease these clothes to customers utilizing a FaaS model. Through the use of a blockchain-based system, data transparency and traceability are maintained, providing information about a garment’s lifespan, the number of uses, users, and its impact on the environment.   Once a customer is done with a garment, it is returned to the company for evaluation. Based on the data tracked, the garment could be repaired, refurbished for continued use, recycled into new garments, or responsibly disposed of if it's at the end of its lifecycle.   This system allows companies to monitor and minimize waste, maximize garment use, promote sustainable consumption practices and generate new revenue streams from leasing garments and selling refurbished items. It also provides customers with a conscious choice toward sustainable fashion consumption.  Moreover, this system's novelty lies in the fusion of RFID, blockchain technology, and circular economy principles to redefine apparel industry practices. The combination is unique to the current market and provides a cutting-edge, sustainable solution for the industry."
17,"The clothing industry is one of the largest contributors to global pollution and waste. Each year, billions of new garments are produced, many of which will end up in landfills within a few years due to shifts in fashion trends, or because they are not designed or manufactured to last. This rapid production cycle also demands a significant amount of natural resources, exemplifying linear economy models prioritizing fast production and fast consumption, with little regard to the post-consumer life of the product. This creates environmental problems such as water pollution, air pollution, and habitat destruction. The advent of fast fashion means that consumer behavior and expectations are driving this damaging cycle, leaving more sustainable fashion choices often sidelined.  ","A 'garment library' adopting the model of a library for clothes could be a practical and sustainable solution to the mentioned problem. The concept would be similar to that of a traditional library, but instead of books, users would borrow clothes. These can be of any forms, including high-fashion pieces, everyday wear, or items for special occasions. Patrons would pay a membership fee, have the clothing for a set time, then return it for others to use. This would not only cut down on dress-related waste but also slow down demand for new fashion production, lessen closet clutter, and even allow people to affordably try out a broader range of fashion styles. Additionally, this could provide a new market for designers focused on durability and sustainability in their designs, prioritizing long-term quality over short-term trendiness. The garment library could also be digitally implemented to expand reach and scalability."
18,"The global fashion industry is one of the most pollutant industries, contributing heavily to water pollution, waste generation and greenhouse gases. Many clothing articles have a short life cycle and are usually discarded after a few uses, adding to the problem of waste accumulation.","My proposition revolves around creating a 'Fashion Leasing' model. This involves a rent-like model for clothes, which would allow people to have a rotating wardrobe without the need to purchase new clothes on a regular basis.   The model can be implemented both by well-established clothing brands and start-up companies. They would stock assortments of everyday wear, high street fashion, and designer pieces. Customers could subscribe to these services for a monthly fee and choose clothes depending on their requirement. At the end of the lease period, garments will be returned, cleaned, repaired if needed, and then put back into the rotation for another customer.   This model promotes reuse of clothes and reduces waste generation. It also allows for more people to access high-quality and designer clothes, which they might not have been able to afford otherwise. It would drastically decrease the demand for fast fashion, thereby reducing waste and pollution associated with mass clothing production.  For the business, once the initial inventory cost is covered, it provides a steady source of income from subscription fees. It can attract different segments of customers – those who want to stay in line with changing fashion trends, those who have temporary needs (like maternity clothes), or those who are environmentally conscious.  The main challenges to the business would be managing logistics, ensuring hygienic conditions of the returned clothes and convincing consumers about the benefits of leasing versus owning. But with the right marketing, cleaning standards, quality assurance and an efficient operational model, 'Fashion Leasing' could become a sustainable and profitable business model. It may not replace the entire clothing market, but it can certainly change consumers' perspectives on how they purchase and use clothes."
19,"Fast fashion contributes significantly to global pollution due to its disposable nature and highly wasteful production processes. Customers often discard clothes after only a few wears, contributing to landfill waste. Meanwhile, manufacturing these items involves the use of toxic chemicals and considerable amounts of water, further exacerbating the industry's environmental footprint.  ","The proposed solution is a """"Closed-Loop Fashion"""" system. This innovative model does not just promote leasing and reselling, but integrates recycling and remanufacturing into the system, truly creating a closed-loop. Brands will design easily recyclable clothes using non-toxic, biodegradable materials. Once consumers are done using the clothes, they are taken back, broken down and turned into new products within the same system.   This model notably extends the lifecycle of garments, reduces landfill waste, and potentially saves resources used in production. On the financial side, it provides a cost-effective source of material for new products. It also presents an opportunity for brands to distinguish themselves in a market increasingly conscious of sustainability.  The model's feasibility is hindered by higher upfront costs and initial resistance from users accustomed to disposable fashion. However, with compelling incentives and financial models like leasing or subscription, user buy-in would incrementally increase. Technological advancements in recycling and biodegradable materials contribute to the scalability of this model. By fully closing the loop in the fashion industry, this solution has the potential to revolutionize fashion's environmental impact, drive financial value for businesses, and set the stage for a genuinely sustainable fashion ecosystem."
20,"There is a significant amount of wasted energy in fitness centers resulting from exercise activities and mechanical equipment motions. This presents an opportunity to repurpose that unused energy, utilizing it in a more sustainable, resourceful, and economically advantageous way.    ","Develop an innovative 'Energy Harvesting System' in fitness centers that transforms kinetic energy from gym equipment and workouts into electricity. This electricity could then be fed back into the gym's power supply, reducing its dependence on grid power, or it could be stored in battery systems for subsequent use. Implementing this system would not only allow for the conversion of sweat equity into actual, reusable energy but could also lower the operational costs for fitness centers, making them more economically sustainable. Furthermore, it can act as a unique marketing point, catering to environmentally conscious customers, thereby attracting and retaining a larger client base. Detailed feasibility, ROI calculations, and a solid implementation plan would need to be developed for this solution."
22,"Traditional business models promoting the """"make, use, dispose"""" mindset contribute excessively to resource depletion, environmental degradation, and waste generation. The linear nature of these models involves using resources to make a product, using it, and finally discarding it, essentially building a 'throwaway' society. This system is not only unsustainable for our planet in the long run, but it also translates to lost economic value in the form of waste.  ","Let’s introduce ‘Sustainable Packaging Solutions’, a circular economy innovation where businesses utilize biodegradable or easily recyclable materials for their product packaging. This will significantly reduce waste output and enhance their environmental impact status. Companies should collaborate with specialized packaging businesses to develop green, sustainable packaging that can biodegrade or be reprocessed into new packaging.   Additionally, they should encourage customers to return packaging for a small incentive, ensuring most of it is returned for recycling or composting. This approach, combined with community education about responsible disposal of packaging, can ensure minimal waste ends up in landfills. This concept not only portrays the company as environmentally responsible, attracting environmentally conscious consumers, but it also significantly reduces waste management costs and lessens resource extraction for packaging production."
24,"Rising levels of carbon dioxide emissions and the need for cleaner fuel alternatives  Carbon dioxide emissions from traditional oil production methods are accelerating climate change, posing environmental concerns. These methods are resource-intensive and unsustainable. Many companies and countries are facing regulatory, reputational, and financial risks due to their dependence on fossil fuels as they contribute significantly to global carbon dioxide emissions.   ","Bio-engineered oil production using carbon dioxide and water The proposed solution is bio-engineered oil production, a process where carbon dioxide and water are utilized to create oil. Bio-engineered oil production could likely reduce the carbon footprint associated with traditional oil extraction methods since the carbon dioxide used in the process could be sourced from industrial emissions. Not only could this methods reduce environmental harm, but it could also provide financial benefits through emissions trading. However, the mechanism of this process, its cost, scalability, and technology requirements need to be thoroughly researched and tested for feasibility."
25,"The generation of construction and demolition waste (C&DW) is a significant environmental issue globally. Due to infrastructure building, renovation, and demolition, the large volumes of waste generated end up in landfills, leading to soil, air, and water pollution.  ","Implement a """"Design for Disassembly and Adaptation"""" (DfDA) concept in architectural design. This approach involves planning buildings for easy adaptability, disassembly and reuse of materials, thus reducing the generated waste. Architectural components like windows and doors are designed in a way that they can be quickly disassembled and reused in other contexts. In addition, the building parts such as beams, columns, and panels should be designed for simple disconnection and reconnection, facilitating the building's reconfiguration or expansion in the future. This design principle brings financial value as it cuts down the costs related to demolition waste disposal and the purchase of new materials. Furthermore, businesses specializing in resale of used construction materials could emerge from this initiative, expanding the traditional construction industry. Although 'Design for Disassembly and Adaptation' is not a completely new concept, its widespread application in the building industry could truly be groundbreaking."
27,"Despite the increasing awareness of e-waste issues and attempts to encourage recycling, these efforts are often hindered by consumers' reluctance to dispose of their devices properly, mainly driven by the lack of incentivization and convenient means to do so.  ","Introducing a universal, industry-wide """"Device Deposit & Reward Scheme"""". Participation would mean that consumers pay an upfront fee (a deposit) on purchasing an electronic device, which will be refunded (completely or partially) when they return the device for recycling at the end of its lifecycle. Additionally, to make returning devices easier for consumers, deploy dedicated, automated e-waste recycling kiosks in strategic locations like electronics stores, supermarkets, and local communities.  This scheme not only deals with the e-waste problem but also involves the consumers actively in the recycling chain. It provides them with a financial incentive for reclamation. By integrating truly automated systems that utilize AI and Robotics, these kiosks can sort, teardown, and categorize e-waste instantly, making the process more efficient.  Such a structure adds to the environmental benefits by more effectively enabling recycling and reduces the production impact as well. For businesses, it brings a dual advantage - reclaimed material value and the possibility of increased customer engagement, from the novel 'reward-based' interaction. By building a simple yet rewarding system to draw in consumers, the feasibility and scalability of this solution are significantly enhanced."
28,"Smart Packaging Solutions are meant to solve the issue of waste in the food industry, particularly the packaging waste generated by restaurants and food vendors. By implementing a closed-loop system with NFC-enabled packaging and rewards for customers, the solution aims to reduce waste and promote a circular economy approach. This solution addresses the environmental impact of packaging waste as well as the financial costs and feasibility of implementing a sustainable system.",Smart Packaging is a closed-loop food packaging system that uses NFC-enabled packaging to track food from the store to the customer and back to the store for recycling. It incentivizes customers to participate through a rewards program and benefits the environment and businesses by reducing waste and improving sustainability.
30,"High energy consumption in businesses leads to hefty operational costs and a significant carbon footprint, thus worsening climate change. Additionally, energy resource depletion poses a potential threat to business continuity. Current solutions include traditional renewable energy methods like solar or wind, but they might be limited due to geographical or infrastructural constraints.  ","I propose the implementation of a Waste-to-Energy (WtE) strategy within businesses. WtE involves converting non-recyclable waste materials into usable energy like heat or electricity. Businesses producing significant waste, such as manufacturers, food industries, or large facilities, can use this method for making their operations more sustainable.  This WtE strategy consists of adopting advanced thermal technologies (like gasification or pyrolysis) to treat waste, derived from both their processes and external sources. The energy generated can be fed back into their facilities, reducing reliance on traditional energy sources and lowering energy costs. The residual ash, rich in metals, also has potential for recycling or sale.  By effectively monetizing waste, businesses would reduce operational costs related to waste management and lower their carbon footprint. Moreover, potential tie-ups with waste suppliers (like local waste management services or other companies) could create symbiotic relationships, fostering even more circularity.  Novelty: While WtE is not entirely new, integrating it within onsite business operations offers a unique twist to both waste management and energy sourcing strategies.  Environmental Impact: This solution reduces landfill waste volumes, lessens reliance on fossil fuel-derived energy, and significantly lowers carbon emissions. Plus, it promotes recycling by repurposing resultant ash.  Financial Impact: WtE not only reduces operational costs by offsetting energy bills, but also turns waste disposal into an income-generating activity - either through sales of energy surplus or recycled materials. Furthermore, potential savings on carbon taxes or benefits from carbon credits could provide additional financial incentives.  Feasibility and Scalability: The implementation of WtE technologies could require substantial initial investment, but long-term savings and potential income streams can justify this outlay. Regulation will have to be navigated carefully, but growing interest in sustainable solutions generally indicates a supportive context. As long as there is waste, there is scalability. It is a solution that can be adapted to various businesses and regions."
31,"The fast-paced and competitive landscape of startup culture often leads to a high turnover rate and potential unemployment due to job instability. Moreover, startups typically have more challenges when it comes to resource management, such as finding cost-effective and sustainable materials or equipment for their business due to limited capital.  ","Implement a shared economy model for startups: This could involve creating a shared marketplace or infrastructure for startups, connecting businesses that have surplus resources (such as office space, equipment, or materials) with startups that need them. Not only does this promote sustainable use and recycling of resources, but it can also reduce costs for startups, potentially minimizing the risk of failure and therefore mitigating unemployment. Such alignment with circular economy principles can also highlight their environmental responsibility, adding to their brand value. For scalability, an online platform can be built to connect businesses internationally, allowing even more startups to benefit."
32,"The huge amount of waste generated by the fast-fashion industry, combined with its substantial greenhouse gas emissions from clothing production and disposal, have severe environmental impacts. Furthermore, the industry promotes a culture of transient clothing ownership which exacerbates consumption and waste.  ","The proposed idea to enhance the initial response is a """"Fashion Exchange Network"""" at a corporate level. Unlike a library model, this would be a network or a platform where businesses and consumers can participate in an exchange or trade of high-quality, pre-owned clothes. Subscribers can, on a points-based system, trade their clothes for ones that are new-to-them. This idea maintains the benefits of the library model such as reducing waste and promoting longer use of existing products, with less resources required for cleaning and logistics, as clothes have fewer round trips. It challenges the fast-fashion culture while providing an opportunity for businesses to diversify and drive additional revenue. From a feasibility and scalability perspective, this model would be integrating with an already thriving online marketplace and secondhand culture, making it potentially easier to scale up. By facilitating peer-to-peer exchanges, the network minimizes logistical and operational hurdles. This solution is also potentially more appealing to consumers, as they may be more comfortable wearing secondhand clothes from another individual than from an organization with anonymous users. "
33,"Every day, we produce an unimaginably large amount of waste globally, much of which ends up in landfills, contributing to environmental pollution. Our incessant consumption of energy also results in resource depletion and issue of carbon emission.  ","One feasible solution is the advanced waste-to-energy system. This is not just burning the waste, but also at the same time, extracting valuable resources from it. For example, metals from the household waste that survived the combustion process can be retrieved and recycled. The combustion releases energy converted into electricity or heat, minimizing the dependence on fossil fuels. The remaining matter, known as slag, can be used for highway construction or other civil works. To address the environmental concerns of emissions, advanced flue gas cleaning systems can be installed to make sure the process won't contribute to air pollution.   For the financial aspect, governments could incentivize such initiatives, making it attractive for businesses to invest in and operate these plants. Collaborations with waste management companies could also reduce operational costs. Additionally, revenue can be generated by selling the electricity or heat produced to the grid and the recycled metals to the industry.   By turning our waste problem into an energy solution, we won't just be managing our waste more effectively but also creating a sustainable source of energy, truly embodying the spirit of circular economy."
34,"There is a significant environmental challenge due to excessive waste produced by the packaging industry. The majority of this waste goes to landfills or clutters our environment, leading to environmental degradation, including air and water pollution, habitat obliteration, and climate change. Typically, packaging materials are derived from non-renewable resources, causing resource depletion. Moreover, even recyclable packaging materials are wasted due to the absence of adequate infrastructure or contamination possibilities.  ","""""Green Packaging Partnership"""" proposes a comprehensive plan that encourages businesses to adopt eco-friendly packaging materials and helps consumers to recycle or reuse the corresponding waste. The program establishes collaborative relationships between businesses and recycling facilitators to enable appropriate collection, sorting, and recycling.  Participating businesses will be accredited with a """"Green Packaging"""" certification, amplifying their dedication to sustainability and enticing eco-conscious customers. Simultaneously, consumers returning the used packaging for recycling or reuse will be encouraged through incentives like discounts, loyalty points, and other benefits.  To ensure significant environmental impact, it prioritizes industries with a high packaging waste contribution, such as the food and beverage industry. The initiative will commence on a regional or sector-specific basis, gradually extending as it gains success to achieve scalability.   The financial value for businesses could be achieved through cost savings from raw material conservation, enhanced brand image and customer loyalty from sustainable practices, and possible government subsidies or tax benefits under environmental regulations.   To guarantee a successful implementation, clear guidelines and standards for green packaging would be established for businesses to follow. Involved parties would be equipped with necessary toolkits or workshops to ensure smooth adoption. Regular audits will be conducted to maintain compliance and progress tracking.   Not just limiting itself to a standalone initiative, the program will amplify its impact capability by coalescing with other circular economy movements, like waste management schemes or product-as-a-service provisions, hence nurturing a more integrated and impactful circular economy ecosystem."
35,"The fashion industry is notably one of the most environmentally damaging industries worldwide, contributing significantly to water pollution, improper waste disposal, excessive consumption of resources, and carbon emissions. In this era of 'fast fashion', the average number of times a garment is worn has significantly declined, while production has nearly doubled in the last 15 years. Many garments end up in landfills after being worn only a few times, resulting in severe environmental damage. The problem is also cultural; as a society, we need to shift our mindset from owning and disposing clothes to enjoying and sharing them as temporary items.  ","I propose a 'Fashion Rental and Resell' model that enables the sharing, reusing and recycling of clothing. It operates on a shared economy principle, where consumers can rent outfits for a specific duration and return them afterwards. Such outfits are properly cleaned and maintained before being rented out again. Furthermore, gently used clothes can be resold to the platform for credit, which other consumers can purchase at a discount rate. This solution promotes a culture of 'use without ownership', reduces the number of unutilized clothes, and seriously cuts down waste. The business value lies in offering a variety of premium brands and styles without the hefty ownership price tags for consumers. Shopping becomes guilt-free, environmentally friendly, and financially savvy. The scalability of this model is vast, from local businesses to multinational platforms. In order to execute this successfully, we need concerted efforts from consumers, businesses, and regulatory bodies."
36,"Our society generates an increasing amount of waste each year, much of which ends up in landfills or the natural environment due to inefficient and outdated waste collection and sorting systems. This not only damages our environment but also means we are missing out on reclaiming valuable materials.  ","The creation of smart waste management systems that utilize AI and Machine Learning for better sorting and collection. These systems could be deployed in cities globally, where they will identify, sort and collect waste more efficiently. They can sort waste in categories such as biodegradable, recyclable, and non-recyclable, which can be used in different circular economy industries. This will make the collection and recycling process cleaner, faster, and more efficient, reducing environmental impact and creating value for businesses  and society as a whole."
37,"Modern cities worldwide generate vast amounts of plastic waste, a significant portion of which comes from single-use plastic containers, such as those used for tea and coffee in cafes and shops. The needless waste not only contributes to the global plastic pollution crisis but also has negative implications for human health due to the potential exposure to harmful chemicals.  ","The proposed solution is using biodegradable clay pots as a replacement for plastic and foam cups. This solution has potential environmental benefits, as the waste generated would be significantly reduced, and clay pots pose less risk to human health. Clay pots not only bring the earthy aroma enhancing the beverage taste, but also are an affordable and popular option for shops due to lower production costs comparing to plastic or glass containers. While clay pots lack reusability, it ensures no lingering bacteria or germ related health concerns. The feasibility of this solution depends on the availability of clay and efficiency of the pot production process. However, considering the massive potential savings in waste management and pollution, it's worthy of consideration. The scalability is high as it could be implemented in any beverage serving establishment. This innovation could create financial value through cost savings and potential for brand differentiation."
38,"High amounts of plastic packaging waste generated by businesses, contributing to environmental damage.  ","Bio-Plastic-as-a-Service': In this model, businesses lease fully biodegradable packaging made from mycelium (the root structure of mushrooms). After use, the businesses return it to the service provider who composts it, turning it into high-quality soil amendment that can be sold back to businesses (i.e., agricultural companies). This shifts the model from a plastic-based circular economy to a truly organic circular economy.   * Novelty: While similar models exist, the integration of mycelium-based packaging and soil production for resale is a unique approach, setting this solution apart. * Environmental Impact: This model reduces plastic usage altogether, and turns used packaging into a resource for soil amendment. It benefits the environment by cutting plastic pollution and contributing to soil regeneration and carbon capturing. * Financial Impact: In addition to saving on packaging costs, businesses also gain a new revenue stream by selling the composted material. Meanwhile, agriculture-based clients benefit from access to high-quality soil amendments. * Feasibility and Scalability of Implementation: Implementation is highly feasible as mycelium-based packaging is already used in some industries, and composting procedures are well established. The model is scalable and could be used in various sectors ranging from food to retail."
39,"The burgeoning issue facing industries today is the utilization of non-renewable raw materials in production and manufacturing processes. Industries massively rely on these resources, depleting them at an alarming rate. This not only contributes to environmental destruction but also poses an existential threat to future generations.  ","My proposal is the implementation of 'Bio-engineered Material Sourcing', a novel idea where industries would invest in genetic and bioengineering research to create new types of sustainable, biodegradable, and renewable materials for manufacturing their products. For instance, mycelium, the vegetative part of fungi, can be bio-engineered for use as biodegradable packaging or other material needs.  The implementation of this concept would be a significant shift from traditional methods of sourcing materials. It could drastically decrease dependence on non-renewable sources, thus reducing environmental degradation. Moreover, this homegrown, continuously renewable resource would potentially decrease material sourcing cost over time.  Financially, it could open up new business avenues and potentially lucrative IP rights for industries to benefit from. While feasibility might pose a challenge initially, advancements in bioengineering technologies and the concept's high scalability factor could overcome this issue. This breakthrough would bring industries a step closer to sustainability and a true circular economy."
41,"Restaurants and grocery stores produce excessive food waste annually due to inefficiencies in demand forecasting, storage conditions, and existing consumption patterns. This leads to the wastage of resources used in food production and harmful environmental impacts of decomposing food.  ","Upgrading the initial concept, the proposed model would involve the development of an Intelligent Food Management System (IFMS)—a digital platform leveraging Artificial Intelligence (AI) and predictive algorithms to enhance demand forecasting and inventory management for businesses, thereby reducing overstocking and eventual food wastage. Along with this, the model will integrate community engagement elements, including the opportunity for users to purchase the surplus food at discounted prices, creating a more efficient and green food supply chain.  The AI can analyze historical sales data, consumption patterns, upcoming events or public holidays, and even weather to predict demand more accurately and set the quantity of food to be prepared or ordered. For grocery stores, the platform can predict expiry dates of perishable items and send alerts to move these items to the discounted food section, accessible to community members.   With these predictive capabilities, businesses can make more informed decisions, minimizing the wastage of food and resources involved in its production. The AI's machine learning aspects will further enhance prediction accuracy over time.   Financially, the business benefits from optimized inventory management, leading to waste reduction and revenue maximization. From an environmental perspective, unnecessary food waste, methane emissions from decomposing food, and resource usage in food production are drastically reduced.   Feasibility and scalability of the IFMS is high, given the increasing prevalence of AI in business operations and its adaptability to various sectors and sizes of businesses. It has universal applicability, from small cafes to large grocery chains, offering immense scalability. With environmental and financial benefits, and the inclusion of community members, the system could drive a significant uptake and establish robust circular economy models in food and retail sectors."
42,The solution is meant to solve the problem of air pollution and increase the quality of air. Air pollution as been one of the major problem all over the world,"Creation of shoes that will help absorb the air pollutant in the surrounding. The shoe can be just for fashion, but its component or material that are use for its production will help in the process of absorbing for example CO2, from its environment. "
44,"The environmental footprint of the fashion industry is substantial due to the reliance on a linear production model and the fast fashion culture. It consumes massive amounts of resources for manufacturing, and the waste generated by rapidly disposable fashion is significant.  ","A Shared Designer Collaborative Platform addresses these problems by leveraging 3D printing technology to promote sustainable fashion practice. This platform works by having designers from all around the globe upload their unique designs. Users can rent these designs and 3D print the clothing locally via certified eco-friendly 3D printing partners. It essentially turns clothing into digital goods, cutting down significantly on waste, distribution CO2 emissions and creating a decentralized manufacturing model. This makes it highly scalable. For those without access to a 3D printer, an optional service of locally manufacturing and delivering the chosen clothes can be offered. Once users are done with the clothes, they can return them to a local partner for recycling into 3D printing materials thus promoting a true closed-loop system. This solution has a very high environmental impact by reducing waste, minimizing shipping and manufacturing emissions, and promoting recycling of materials. Its novelty lies in the integration of 3D printing technology with fashion design and its potentially high financial impact through a new revenue model from global design rentals."
45,"The exponential rise in electronic waste (e-waste) and increasing demand for precious metals in various industries exacerbate environmental pollution and resource depletion. Plus, wasted metals in unrecycled e-waste represent a lost economic opportunity.  ","I propose an expanded """"Precious Recycling 2.0"""" model that transforms e-waste management by integrating state-of-the-art recycling technology, blockchain-led traceability, and an innovative sharing platform.  This solution builds upon the initial concept of device return and precious metal extraction but adds a new 'green tech' dimension. It focuses on using advanced environmentally-friendly technologies for metal extraction, reducing the ecological footprint of the recycling process itself.  Additionally, it features a secure, blockchain-based traceability system that authenticates the source of all recycled metals, promoting transparency and credibility. This innovation can also incentivize consumer participation in the program, as they can visually ascertain the lifecycle journey of their devices and returned metals.  The third pillar is an enhanced version of the exchange platform, transforming it into a shared 'Material Bank' where companies can deposit or borrow materials, based on demand and availability. Leveraging AI, the platform predicts demand and supply, helping businesses strategize their resource usage while also ensuring abundant availability of reclaimed materials.  This comprehensive solution presents a novel blend of technology and shared resources that minimizes environmental harm and optimizes economic value. Utilizing advanced green tech ensures a prudent extraction process, blockchain enhances the trust and credibility, and AI helps keep the supply-demand equation balanced. Hence, it's a scalable blueprint for a truly circular economy in the electronic industry."
46,"Our world is rapidly filling up with unnecessary waste, primarily single-use plastic packaging that is rapidly threatening marine life and our ecosystems. Every minute, approximately one trash truck’s worth of plastic leaks into our oceans, suffocating marine ecosystems, and disrupting the food chain. This crisis is largely driven by consumer goods packaging, where convenience has led to a disposable culture with an ‘out of sight, out of mind’ mindset.  ","To combat this, we propose a revolutionary shift in retail - the introduction of dispenser systems in supermarkets. Picture this: You stride into your local supermarket, armed with your own bottles and containers, which you fill up from sleek, zero-waste dispensers lining the shelves. All sorts of products can follow this model – everything from shampoo to soda. These dispensers will function with refillable cartridges that can be sent back to manufacturers for refilling once depleted.   Not only will it push consumers to be mindful, participating citizens in the fight against waste, but it also presents a unique financial opportunity for businesses to eliminate the production cost of plastic packaging. The path may have its challenges, but if we are determined, we fundamentally alter our path from a disposable society to one that comprehends the value of resource efficiency. Together, we can pioneer this untapped market, revolutionize our consumption habits, and safeguard our precious planet for future generations."
47,"The fast fashion industry is one of the world's largest pollutants, contributing to massive amounts of waste and carbon emissions every year. Many fashion companies constantly churn out new designs, encouraging consumers to frequently discard barely worn clothes to keep up with the latest trends. This leads to enormous textile waste, environmental damage and resource depletion.  ","My solution is """"Fashion as a Service (FaaS)"""". Similar to software-as-a-service (SaaS) which dominated the IT industry by providing software solutions on a subscription basis, FaaS will provide consumers with the latest fashion on a rental basis. This solution promotes circularity in the fashion industry by prolonging the lifecycle of clothes and reducing fashion waste. The old clothes returned by the consumers are refurbished and recycled into new items. In addition, this model encourages the use of durable materials to create clothes that last longer. This has financial benefits for businesses too, as it allows them to maintain continuous customer relationships via the subscription model. It also encourages responsible consumption on part of the consumer. For scalability, businesses can partner with local dry cleaners for cleaning the clothes and logistics companies for distribution and pickup. For meeting the diverse fashion needs, businesses can collaborate with local designers thereby also promoting local talent."
48,"The fast fashion industry contributes to environmental waste and pollution due to overproduction and discarding of apparel. While clothing subscription and recycling services have started to address this issue, they still face drawbacks such as carbon emissions from transportation, recycling feasibility, and customer adoption barriers.","A localized, peer-to-peer (P2P) clothing platform that incorporates blockchain technology to track the life-cycle of garments. In this model, consumers can rent or trade clothes with people in their vicinity, minimizing transportation-related emissions. Brands can be part of this platform, offering their collections for rent or resale, thereby reducing overproduction. Customers who prefer buying over renting can resell their clothes on the same platform, increasing the clothing usage period. Blockchain technology would be used to certify the authenticity of branded items, provide information on earlier usage, and validate responsible recycling practices. This can incentivize customers to join the platform and participate in this circular economy model.   The novelty here is the localization of the service - reducing the carbon footprint linked with long-distance transportation, and the blockchain integration - giving complete transparency about a garment's life-cycle to consumers.  The environmental impact continues as the necessity for producing new garments lessens, and reduced transportation leads to lesser emissions.  For the financial impact, the peer-to-peer platform can earn from transaction fees and partnerships with brands. Brands can still earn sales while cuts costs and risks associated with overproduction.   The feasibility of implementation is strong due to the rising acceptance of sharing economy models and increasing environmental consciousness among consumers. The scalability potential is also high, especially in densely populated urban areas."
49,"Despite the technological revolution bringing countless benefits, it has also contributed to a significant amount of electronic waste. Many of these discarded devices still have valuable components, or could be refurbished and used by individuals who cannot afford new ones. Additionally, poor disposal of electronic waste contributes to environmental degradation.  ","The founding of an organization, for-profit or non-profit, specialized in collecting and repurposing electronic waste addresses this issue two-fold. By repairing and reselling such devices at an affordable price, we can bridge the digital divide and support those in need of technology. Additionally, components that cannot be refurbished can be recycled to provide raw materials for other industries, reducing the demand for virgin materials. This will not only generate profit but also foster a circular economy, mitigating environmental impact, and promoting sustainability. Thus, creating value for businesses while nurturing a culture of reusing and recycling."
50,"In many third-world countries, individuals struggle with managing sanitary waste, leading to severe environmental hazards. This waste often finds its way into rivers, damaging seals and making its way to oceans, wreaking irreparable harm on aquatic life and biodiversity. Furthermore, landfills worldwide are overburdened with hundreds of tons of sanitary waste produced each month, much of it non-biodegradable due to the complexity of composition. This not only harms the environment but also affects the health and well-being of these communities, causing extensive distress and discomfort.  ","We propose an innovative, holistic approach aimed at improving female health while protecting the environment - customized smart menstrual cups coupled with Watson AI analysis. A reusable, sensor-equipped menstrual cup will decrease the perpetual sanitary waste, easing the strain on our landfills and oceans. Additionally, using AI analysis on the monthly menstrual data collected, we can offer personalized insights, catering to individual health needs and promoting better health outcomes. The broad implementation of these cups across regions will drive economies of scale, making this solution both cost-effective and beneficial for the environment and ecosystem. This initiative provides a dual benefit of promoting positive global health while safeguarding biodiversity."
951,"The apparel and textile industry's existing linear production and consumption model generate significant environmental impact— responsible for 10% of annual global carbon emissions, more than all international flights and maritime shipping combined. Additionally, fashion production is predicted to increase by 63% in 2030, with serious environmental implications surrounding waste: approximately 85% of textile waste in the US ends up in landfills or is incinerated. Furthermore, fashion's sprawling supply chains often involve exploitative labor practices that undermine social sustainability efforts. This intertwined dilemma of environmental degradation and social justice issues calls for a radical remaking of the fashion industry's modus operandi.  ","A circular fashion model can help address these problems. At its core, it involves closing the loop in the fashion value chain, promoting the use of renewable materials, extending the life cycle of clothes, and improving end-of-life disposal practices.   First, companies can prioritize the use of renewable, recycled, and recyclable materials over virgin materials in their products. For instance, incorporating textiles made from recycled plastic bottles or fishing nets. Brands can also use plant-based fibers like hemp or bamboo, which are renewable and biodegradable. Modular design can also be implemented to enable easier replacement of worn-out parts without discarding the whole item.   Second, extending the clothing lifecycle reduces environmental impact significantly. This can be achieved via several strategies: reselling, renting, repairing, and recycling. Companies can adopt the resale business model, enabling customers to buy second-hand items instead of new ones, which requires more resources. The rental model is suitable for high-end, special occasion items that are rarely worn but have higher production costs. Offering repair services encourages consumers to mend their fashion items instead of disposing of them when they're damaged. Recycling involves collecting and converting old clothes into new fashion items.   Finally, improving end-of-life disposal practices is crucial. Every company should provide a take-back program. Customers can return worn-out clothes, which companies would then recycle into new items or dispose of responsibly. Together with public education on clothing disposal, these initiatives can drastically reduce textile waste in landfills.  This circular fashion model is scalable and feasible. It requires collaboration across the value chain, from designers and producers to consumers and waste management entities, aided by appropriate technologies and policies. The adoption of this model can provide tremendous environmental benefits and unearth vast economic opportunities, such as job creation in circular activities like repair and recycling. It is projected that billions in economic value could be generated if the fashion industry fully adopts circularity. It might seem ambitious, but various industry players are already making strides in this direction, underscoring the viability of a circular fashion model. "
971,"The global electronic market is characterized by a high product turnover rate, leading to a massive amount of electronic waste, significant resource consumption, and a large carbon footprint.   ","A comprehensive """"Smart Resource Management and Product as Service"""" program could address this issue. Besides leasing electronic products, this model includes three other aspects:  1. Smart Design: Companies design products for long-term use, easy upgrades, and efficient end-of-life recycling. 2. Resource Pooling: Businesses form an industry consortium to pool resources and share components, which can save cost and limit the extraction of new resources. 3. Consumer Awareness: Companies educate customers about the benefits of leasing and returning products for redevelopment, fostering a shift in consumer behavior.  The Smart Resource Management and Product as Service is both novel and impactful. It not only reduces waste but also makes products affordable and encourages re-utilization of resources, saving costs in the long run. Its feasibility and scalability depend mainly on industry collaboration, effective supply chain management, and consumer acceptance. This idea addresses the issue holistically, making it a potential winner of the challenge."
972,"High volumes of e-waste are produced each year, causing environmental damage through landfilling and incineration, while also representing a waste of potentially valuable resources embedded within these products.  ","My enhanced solution is a """"Full-Circle E-Waste Ecosystem"""". This business model expands upon the original concept of e-waste upcycling by introducing partnerships with tech education institutions for component reuse.   Under this system, rather than simply recycling e-waste, companies would sort and refurbish usable components to create 'educational kits'. These kits would be sold or donated to schools, colleges, or tech training academies, fostering a practical tech-based education. We close the loop by offering device repair and refurbishing services through these trained students and young tech professionals, further conserving resources.  The novelty lies in developing an ecosystem that includes electronic manufacturers, recyclers, consumers, and the education sector. It has a monumental environmental impact by not only reducing e-waste but educating a generation on resource conservation. Simultaneously, it offers vast financial potential through the sales of educational kits, repair services, and inspiring goodwill towards participating companies due to their commitment to education and sustainability. Its implementation is feasible given the growing need for technical education, and it's highly scalable — appealing to any country with electronic waste and educational institutions."
973,"The vast number of clothes produced, purchased, and discarded each year generates tremendous waste and puts strain on natural resources due to fresh extraction and manufacturing needs. Traditional retail models can be harmful to the planet.   ","Introducing a circular economy model to the fashion industry through a """"Peer-to-Peer Apparel Exchange Platform."""" This business model leverages technology to foster a community where individuals can lend, swap, or rent out their clothes to others, extending the lifecycle of each garment. It's similar to Airbnb or Uber but for clothes.   Unlike the Apparel Library, this Peer-to-Peer system decentralizes the process and puts the power back into the consumers' hands, encouraging them to participate actively in a shared economy. It reduces the environmental burden as clothes are used to their maximum potential and the waste produced from textile production is curtailed. It also brings down the energy/resource cost associated with professional maintenance in models like an Apparel Library since consumers take care of the clothes they rent or lend.  From a financial standpoint, consumers who participate can monetize their wardrobe by lending or renting out their clothes. This can create financial value for countless individuals, while businesses can also profit by providing this platform and charging a small transaction or service fee.  The scalability of the model is substantial since it does not involve significant infrastructure or inventory. Furthermore, this approach democratizes the idea of shared fashion, making it accessible to everybody, not just those seeking high-end apparel. The feasibility of its implementation is high, provided a user-friendly digital platform is developed, fostering a trusting and efficient user interface for customers and a secure transaction system."
974,"One-third of all food produced for human consumption is wasted, with 87% of this amount being perishable items. This results in a significant environmental detriment paired with hefty financial losses for supermarkets and online grocery stores.  ","Wasteless presents a solution to curb this issue via a platform leveraging Machine Learning, in specific, Reinforcement Learning. This AI-driven approach dynamically adjusts the prices of perishable items based on their expiration dates. The system comprehends consumer reactions to varying costs, thereby quickly learning to determine optimal discounting policies.      The retail sector stands to gain an amplified increase in revenue by minimizing waste and simultaneously encouraging customers to purchase items nearing expiration. Suppliers can balance supply and demand more effectively, preventing overstock situations and ensuring continuous product availability. It's a promising, proven solution with the potential to considerably lessen food waste, thus delivering a positive environmental impact. Additionally, when successfully implemented, it holds the potential to substantially increase profitability in the retail sector."
975,"The problem that this solution aims to address is the unregulated and heavy unsustainable consumption patterns in businesses and among individual consumers. There is a lack of comprehensive systems that can effectively encourage and track sustainable behaviors in a way that benefits businesses, consumers, and the environment simultaneously.  ","This solution, a digital sustainability incentive platform, is designed to pivot businesses and consumers towards more eco-friendly behaviors. It offers a customizable structure that allows businesses to set, monitor, and achieve their unique sustainability goals, effectively reducing their carbon footprint. For consumers, it promotes environmentally conscious consumption by providing real-time tracking of their sustainable actions and rewarding their eco-friendly behaviors with discounts and rewards.   The platform ensures a win-win situation for all parties involved by creating a circular economy where sustainable actions are directly connected to tangible rewards, encouraging continual participation. Additionally, envisions partnerships across diverse industrial sectors, allowing wide adaptability, and ensuring a sustained and widespread impact on circular economic practices. The operational details, such as a tier-based reward system and partnership contracts, would be developed considering the interests of all stakeholders to ensure fair and effective operations."
976,"Build structures that are not only resistant to earthquakes, but also incorporate principles of circular economy.  ","Develop a system where buildings in earthquake-prone areas like San Francisco use advanced, reusable, and replaceable shock-absorbing materials. These materials can absorb the energy from seismic activities, reducing the damage to the buildings. By making these shock-absorbers modular and easily replaceable, the buildings can be quickly repaired after a seismic event, reusing the same materials, thus reducing waste and adhering to the principles of circular economy. The aftermath of earthquake often produces large amount of construction debris which can be minimized with this solution. And as a financial benefit, the approach will likely lower the cost of post-quake rebuilding and insurance premiums. This solution is feasible with current technology and can be scalable to various levels of construction."
977,Product-as-a-Service (PaaS),"Product-as-a-Service (PaaS) is a business model in which companies offer their products to customers on a subscription basis, rather than requiring customers to purchase the product outright. In this business model, customers pay for the use of a product rather than owning it. The company retains ownership of the product and is responsible for repairing and maintaining it. This model reduces waste, encourages product longevity, and can create a steady revenue stream for the business."
978,"Our world is suffocating under the traditional linear model of Consumption (Take-Make-Waste), draining our precious resources, leading to environmental degradation and unsustainable practices.   ","Picture a world where we redefine our consumption patterns, where we treasure our resources, minimize waste and build a sustainable future. The Circular Economy model is our vibrant rainbow of hope. Imagine, a system where we do not just take, make, and discard, but reintroduce used materials back into the cycle of production and consumption. This systemic approach not only conserves our resources but also presents a story of economic regeneration and flavorful value creation. Such a spirited shift from a linear to a circular economy is not just an environment-loving practice; it's a celebration of sustainable living while adding a valuable tang to our businesses. Let's embrace this exciting endeavor and toast to a greener, healthier planet!"